titles,subtitles
,
,
,
,
DREAM TEAM,Cristiano Ronaldo and Harry Maguire lead Man Utd stars in making memories for seriously ill children on club's Dream Day
,
,
,
,
TWITTER OUTRAGE,"Iker Casillas' Twitter 'joke' about coming out as gay is abhorrent - he must prove he's been hacked, says campaigner"
,
,
,
,
SEAGULLS SHOCK,Brighton's Enock Mwepu forced to retire at 24 after being diagnosed with heart condition and high risk of cardiac arrest
,
,
,
,
INSTA FAMOUS,"Meet West Ham ace Gianluca Scamacca's stunning sister, who helped raise the Italian and has more followers on Instagram"
,
,
,
,
'UGLIER THAN A FRIDGE',"De Gea, Gundogan and Di Maria's Wags on hating Manchester as one said 'the people are all weird'"
,
,
,
,
EUR RIVALS,England face Italy and Ukraine in horror Euro 2024 qualifying draw as rivals from Euro 2020 final to battle it out
,
,
,
,
CARRINGTON CLASH,'Concentrate on your own f***ing game' - Inside fiery Man Utd inquest after City mauling with two stars airing views
,
,
,
,
MANC-Y FOOD,City ace Gundogan's wife Sara Arfaoui slammed for blasting Manchester's 'horrible frozen food' in cost of living crisis
,
,
,
,
STRIKE IT LUCKY,"Inside Ronaldo’s business empire with three football clubs, an entertainment agency and lifetime Nike endorsement deal"
,
,
,
,
MAKE A KYLIAN,Top 10 best paid footballers on planet revealed as £115m-a-year Kylian Mbappe beats Lionel Messi and Cristiano Ronaldo
,
,
,
,
ALL GONE RON,Did Man United ace Ronaldo ruin supermodel Gisele and Tom Brady's picture perfect marriage?
